{
    "version": "0.1.20230825",
    "status_code": 20000,
    "status_message": "Ok.",
    "time": "0.1340 sec.",
    "cost": 0.015,
    "tasks_count": 1,
    "tasks_error": 0,
    "tasks": [
        {
            "id": "09302326-6753-0415-0000-a393ed1117db",
            "status_code": 20100,
            "status_message": "Task Created.",
            "time": "0.0052 sec.",
            "cost": 0.015,
            "result_count": 0,
            "path": [
                "v3",
                "merchant",
                "amazon",
                "reviews",
                "task_post"
            ],
            "data": {
                "api": "merchant",
                "function": "reviews",
                "se": "amazon",
                "location_name": "Germany",
                "language_name": "English (United States)",
                "depth": 200,
                "asin": "B00GLHNJZE",
                "se_type": "reviews",
                "device": "desktop",
                "os": "windows"
            },
            "result": null
        }
    ]
}