{
    "version": "0.1.20230825",
    "status_code": 20000,
    "status_message": "Ok.",
    "time": "0.1298 sec.",
    "cost": 0.00075,
    "tasks_count": 1,
    "tasks_error": 0,
    "tasks": [
        {
            "id": "10010536-6753-0415-0000-355a16079745",
            "status_code": 20100,
            "status_message": "Task Created.",
            "time": "0.0044 sec.",
            "cost": 0.00075,
            "result_count": 0,
            "path": [
                "v3",
                "merchant",
                "amazon",
                "reviews",
                "task_post"
            ],
            "data": {
                "api": "merchant",
                "function": "reviews",
                "se": "amazon",
                "location_name": "Germany",
                "language_name": "English (United States)",
                "asin": "B01MZ6YLKL",
                "se_type": "reviews",
                "device": "desktop",
                "os": "windows"
            },
            "result": null
        }
    ]
}