{
    "version": "0.1.20230825",
    "status_code": 20000,
    "status_message": "Ok.",
    "time": "0.1367 sec.",
    "cost": 0.001,
    "tasks_count": 1,
    "tasks_error": 0,
    "tasks": [
        {
            "id": "09302319-6753-0209-0000-87a946c09593",
            "status_code": 20100,
            "status_message": "Task Created.",
            "time": "0.0050 sec.",
            "cost": 0.001,
            "result_count": 0,
            "path": [
                "v3",
                "merchant",
                "amazon",
                "products",
                "task_post"
            ],
            "data": {
                "api": "merchant",
                "function": "products",
                "location_name": "Germany",
                "language_name": "English (United States)",
                "keyword": "jar candle",
                "se_type": "organic",
                "se": "amazon",
                "device": "desktop",
                "os": "windows"
            },
            "result": null
        }
    ]
}