{
    "version": "0.1.20230825",
    "status_code": 20000,
    "status_message": "Ok.",
    "time": "0.0696 sec.",
    "cost": 0,
    "tasks_count": 1,
    "tasks_error": 0,
    "tasks": [
        {
            "id": "10010507-6753-0192-0000-d8b3f9b9602b",
            "status_code": 20000,
            "status_message": "Ok.",
            "time": "0.0170 sec.",
            "cost": 0,
            "result_count": 1,
            "path": [
                "v3",
                "merchant",
                "amazon",
                "asin",
                "task_get",
                "advanced",
                "10010507-6753-0192-0000-d8b3f9b9602b"
            ],
            "data": {
                "se_type": "shopping",
                "api": "merchant",
                "function": "asin",
                "se": "amazon",
                "location_name": "Germany",
                "language_name": "English (United States)",
                "asin": "B00GLHNJZE",
                "device": "desktop",
                "os": "windows"
            },
            "result": [
                {
                    "asin": "B00GLHNJZE",
                    "type": "shopping",
                    "se_domain": "amazon.de",
                    "location_code": 2276,
                    "language_code": "en_US",
                    "check_url": "https://www.amazon.de/dp/B00GLHNJZE?language=en_US",
                    "datetime": "2023-10-01 02:08:28 +00:00",
                    "item_types": [
                        "amazon_product_info"
                    ],
                    "items_count": 1,
                    "items": [
                        {
                            "type": "amazon_product_info",
                            "rank_group": 1,
                            "rank_absolute": 1,
                            "position": "left",
                            "xpath": "/#document",
                            "title": "R\u00f6mer Wellness Romoscent XXL Aroma Candle Shiny Moments 3-Wick Candle in Elegant Rose Glass Dimensions: Approx. 13 x 13 x 8 cm",
                            "details": "Item Diameter \u200e13 Centimetres\nItem Weight \u200e450 Grams\nSpecific Uses For Product \u200eGift\nIs mold/mildew resistant \u200eNot tested on animals\nScent \u200eRose\nSpecification met \u200eEmployee, Business Partners\nBatteries Required \u200eNo\nIncluded Components \u200eCandle + glass",
                            "image_url": "https://m.media-amazon.com/images/I/61d1TMtpI1L.__AC_SX300_SY300_QL70_ML2_.jpg",
                            "author": "Visit the R\u00f6mer Wellness Store",
                            "data_asin": "B00GLHNJZE",
                            "parent_asin": null,
                            "product_asins": null,
                            "price_from": 25.95,
                            "price_to": null,
                            "currency": "EUR",
                            "is_amazon_choice": true,
                            "rating": {
                                "type": "rating_element",
                                "position": "left",
                                "rating_type": "Max5",
                                "value": "4.6",
                                "votes_count": 36,
                                "rating_max": "5"
                            },
                            "is_newer_model_available": false,
                            "newer_model": null,
                            "categories": [
                                {
                                    "category": "Home & Kitchen",
                                    "url": "/-/en/k%C3%83%C2%BCche-haushalt-wohnen/b/ref=dp_bc_aui_C_1?ie=UTF8&node=3167641"
                                },
                                {
                                    "category": "Home Accessories",
                                    "url": "/-/en/Deko-Wohnen-Lifestyle/b/ref=dp_bc_aui_C_2?ie=UTF8&node=3510351"
                                },
                                {
                                    "category": "Candles & Holders",
                                    "url": "/-/en/Kerzenst%C3%A4nder-Teelichthalter-Tisch-Bar-Accessoires/b/ref=dp_bc_aui_C_3?ie=UTF8&node=3312131"
                                },
                                {
                                    "category": "Candles",
                                    "url": "/-/en/Kerzen-Teelichter-Kerzenst%C3%A4nder-Teelichthalter/b/ref=dp_bc_aui_C_4?ie=UTF8&node=3312141"
                                },
                                {
                                    "category": "Jar Candles",
                                    "url": "/-/en/Windlichter/b/ref=dp_bc_aui_C_5?ie=UTF8&node=4891970031"
                                }
                            ],
                            "product_information": [
                                {
                                    "type": "product_information_details_item",
                                    "section_name": "Technical Details",
                                    "body": {
                                        "Item Diameter": "\u200e13 Centimetres",
                                        "Item Weight": "\u200e450 Grams",
                                        "Specific Uses For Product": "\u200eGift",
                                        "Is mold/mildew resistant": "\u200eNot tested on animals",
                                        "Scent": "\u200eRose",
                                        "Specification met": "\u200eEmployee, Business Partners",
                                        "Batteries Required": "\u200eNo",
                                        "Included Components": "\u200eCandle + glass"
                                    }
                                },
                                {
                                    "type": "product_information_details_item",
                                    "section_name": "Additional Information",
                                    "body": {
                                        "ASIN": "B00GLHNJZE",
                                        "Item model number": "4KE17-11",
                                        "Date First Available": "20 Oct. 2020",
                                        "Customer Reviews": "4.6 out of 5 stars",
                                        "Best Sellers Rank": "142,299 in Home & Kitchen ( )\n461 in"
                                    }
                                }
                            ],
                            "product_images_list": [
                                "https://m.media-amazon.com/images/I/61d1TMtpI1L._AC_SL1500_.jpg",
                                "https://m.media-amazon.com/images/I/61t9gAacF5L._AC_SL1500_.jpg",
                                "https://m.media-amazon.com/images/I/613ps9GIlpL._AC_SL1500_.jpg",
                                "https://m.media-amazon.com/images/I/61m5LGCfdZL._AC_SL1500_.jpg",
                                "https://m.media-amazon.com/images/I/61UCVQ5UK4L._AC_SL1500_.jpg",
                                "https://m.media-amazon.com/images/I/712b9Ipy0OL._AC_SL1500_.jpg"
                            ],
                            "product_videos_list": null,
                            "description": "About this item\nXXL scented candle with 3 wicks in copper-coloured glass. Dimensions: approx. 13 x 13 x 8 cm\nThe fragrance is reminiscent of an intoxicating blend of exotic, floral notes. It has a burn time of 30 hours and contains 450 g of wax.\nThe candle comes with two stickers so you can choose between a light or dark design.\nWe pay attention to the highest quality. R\u00f6mer Wellness products are lovingly handmade and are therefore unique. Of course, the development and production takes place wisely for the environment and without animal testing\nNice gift for Christmas or Easter, birthday, Valentine's Day, Mother's Day or just because. Surprise your partner, sister, mother, grandma, neighbour or dearest friend with an extraordinary gift or enjoy a beautiful feel-good moment yourself.",
                            "is_available": true
                        }
                    ]
                }
            ]
        }
    ]
}