{
    "version": "0.1.20230825",
    "status_code": 20000,
    "status_message": "Ok.",
    "time": "0.0789 sec.",
    "cost": 0,
    "tasks_count": 1,
    "tasks_error": 0,
    "tasks": [
        {
            "id": "10010536-6753-0415-0000-355a16079745",
            "status_code": 20000,
            "status_message": "Ok.",
            "time": "0.0280 sec.",
            "cost": 0,
            "result_count": 1,
            "path": [
                "v3",
                "merchant",
                "amazon",
                "reviews",
                "task_get",
                "advanced",
                "10010536-6753-0415-0000-355a16079745"
            ],
            "data": {
                "se_type": "reviews",
                "api": "merchant",
                "function": "reviews",
                "se": "amazon",
                "location_name": "Germany",
                "language_name": "English (United States)",
                "asin": "B01MZ6YLKL",
                "device": "desktop",
                "os": "windows"
            },
            "result": [
                {
                    "asin": "B01MZ6YLKL",
                    "type": "reviews",
                    "se_domain": "amazon.de",
                    "location_code": 2276,
                    "language_code": "en_US",
                    "check_url": "https://www.amazon.de/product-reviews/B01MZ6YLKL?ie=UTF8&pageNumber=1&language=en&pageSize=20",
                    "datetime": "2023-10-01 02:37:11 +00:00",
                    "spell": null,
                    "title": "Under Armour Men's Comfortable and Durable 3/4 Sports Leggings for...",
                    "image": {
                        "type": "images_element",
                        "alt": "Under Armour Men&#39;s Comfortable and Durable 3/4 Sports Leggings for Men, Lightweight and Elastic Training Trousers with Compression Fit Ua Hg Armour 3/4 Leggings",
                        "url": "https://amazon.de/-/en/Comfortable-Leggings-Lightweight-Training-Compression/dp/B01MZ6YLKL/ref=cm_cr_arp_d_pdt_img_top?ie=UTF8",
                        "image_url": "https://m.media-amazon.com/images/I/31GfIx-3ITL._AC_US60_SCLZZZZZZZ__.jpg"
                    },
                    "rating": {
                        "type": "rating_element",
                        "position": "left",
                        "rating_type": "Max5",
                        "value": "4.5",
                        "votes_count": 3096,
                        "rating_max": "5"
                    },
                    "reviews_count": 212,
                    "item_types": [
                        "amazon_review_item"
                    ],
                    "items_count": 20,
                    "items": [
                        {
                            "type": "amazon_review_item",
                            "rank_group": 1,
                            "rank_absolute": 1,
                            "position": "right",
                            "xpath": "/html[1]/body[1]/div[1]/div[2]/div[1]/div[1]/div[1]/div[1]/div[5]/div[3]/div[1]/div[2]/div[1]/div[1]",
                            "verified": true,
                            "subtitle": "Reviewed in Germany on 2 August 2023",
                            "helpful_votes": null,
                            "images": null,
                            "videos": null,
                            "user_profile": {
                                "name": "byteborg",
                                "avatar": "https://images-eu.ssl-images-amazon.com/images/S/amazon-avatars-global/default._CR0,0,1024,1024_SX48_.png",
                                "url": "https://amazon.de/-/en/gp/profile/amzn1.account.AGPROTMA76XUUFGUKX2OXOGLXAKA/ref=cm_cr_arp_d_gw_btm?ie=UTF8",
                                "reviews_count": null,
                                "locations": "DE"
                            },
                            "title": "Tr\u00e4gt sich hervorragend",
                            "url": "https://amazon.de/-/en/gp/customer-reviews/RO6C5N4YSMUHH/ref=cm_cr_arp_d_rvw_ttl?ie=UTF8&ASIN=B01MZ6YLKL",
                            "review_text": "Das Material ist auf gro\u00dfe Oberfl\u00e4che ausgelegt und hat einen hohen Stretchanteil. Ich habe mir die Hose zum Klettern gekauft und werde bei warmen Wetter wohl nichts anderes mehr tragen. Der Schnitt und Sitz ist absolut perfekt und der Schwei\u00df wird zuverl\u00e4ssig verdunstet. Sehr angenehm.",
                            "publication_date": "2023-08-02 00:00:00 +00:00",
                            "rating": {
                                "rating_type": "Max5",
                                "value": 5,
                                "votes_count": null,
                                "rating_max": 5
                            }
                        },
                        {
                            "type": "amazon_review_item",
                            "rank_group": 2,
                            "rank_absolute": 2,
                            "position": "right",
                            "xpath": "/html[1]/body[1]/div[1]/div[2]/div[1]/div[1]/div[1]/div[1]/div[5]/div[3]/div[1]/div[3]/div[1]/div[1]",
                            "verified": true,
                            "subtitle": "Reviewed in Germany on 30 June 2023",
                            "helpful_votes": null,
                            "images": null,
                            "videos": null,
                            "user_profile": {
                                "name": "Laboon",
                                "avatar": "https://images-eu.ssl-images-amazon.com/images/S/amazon-avatars-global/default._CR0,0,1024,1024_SX48_.png",
                                "url": "https://amazon.de/-/en/gp/profile/amzn1.account.AGRFP3S3BF6KKLJRT27JO5H77I2Q/ref=cm_cr_arp_d_gw_btm?ie=UTF8",
                                "reviews_count": null,
                                "locations": "DE"
                            },
                            "title": "Under armor",
                            "url": "https://amazon.de/-/en/gp/customer-reviews/R1ESEDHVCMVO0S/ref=cm_cr_arp_d_rvw_ttl?ie=UTF8&ASIN=B01MZ6YLKL",
                            "review_text": "Use them every time I play basketball",
                            "publication_date": "2023-06-30 00:00:00 +00:00",
                            "rating": {
                                "rating_type": "Max5",
                                "value": 5,
                                "votes_count": null,
                                "rating_max": 5
                            }
                        },
                        {
                            "type": "amazon_review_item",
                            "rank_group": 3,
                            "rank_absolute": 3,
                            "position": "right",
                            "xpath": "/html[1]/body[1]/div[1]/div[2]/div[1]/div[1]/div[1]/div[1]/div[5]/div[3]/div[1]/div[4]/div[1]/div[1]",
                            "verified": true,
                            "subtitle": "Reviewed in Germany on 2 July 2023",
                            "helpful_votes": null,
                            "images": null,
                            "videos": null,
                            "user_profile": {
                                "name": "Carsten",
                                "avatar": "https://images-eu.ssl-images-amazon.com/images/S/amazon-avatars-global/default._CR0,0,1024,1024_SX48_.png",
                                "url": "https://amazon.de/-/en/gp/profile/amzn1.account.AGGNYD2RKZXRGOMNMSXTRRLVRUSA/ref=cm_cr_arp_d_gw_btm?ie=UTF8",
                                "reviews_count": null,
                                "locations": "DE"
                            },
                            "title": "Geliefert wie versprochen. Passt alles danke",
                            "url": "https://amazon.de/-/en/gp/customer-reviews/R3DMKE3S45XGUF/ref=cm_cr_arp_d_rvw_ttl?ie=UTF8&ASIN=B01MZ6YLKL",
                            "review_text": "\ud83d\udc4d\ud83d\udc4d\ud83d\udc4d",
                            "publication_date": "2023-07-02 00:00:00 +00:00",
                            "rating": {
                                "rating_type": "Max5",
                                "value": 5,
                                "votes_count": null,
                                "rating_max": 5
                            }
                        },
                        {
                            "type": "amazon_review_item",
                            "rank_group": 4,
                            "rank_absolute": 4,
                            "position": "right",
                            "xpath": "/html[1]/body[1]/div[1]/div[2]/div[1]/div[1]/div[1]/div[1]/div[5]/div[3]/div[1]/div[5]/div[1]/div[1]",
                            "verified": true,
                            "subtitle": "Reviewed in Germany on 22 December 2022",
                            "helpful_votes": null,
                            "images": null,
                            "videos": null,
                            "user_profile": {
                                "name": "DoBa",
                                "avatar": "https://images-eu.ssl-images-amazon.com/images/S/amazon-avatars-global/default._CR0,0,1024,1024_SX48_.png",
                                "url": "https://amazon.de/-/en/gp/profile/amzn1.account.AHW7FHNZRRSIXOVRHV5I7EK3SCLA/ref=cm_cr_arp_d_gw_btm?ie=UTF8",
                                "reviews_count": null,
                                "locations": "DE"
                            },
                            "title": "Sch\u00f6ne Hose f\u00fcr's Fitnessstudio",
                            "url": "https://amazon.de/-/en/gp/customer-reviews/R2USE19YWF07QU/ref=cm_cr_arp_d_rvw_ttl?ie=UTF8&ASIN=B01MZ6YLKL",
                            "review_text": "Die Hose wurde schnell geliefert.  Mein Mann tr\u00e4gt normalerweise Gr\u00f6\u00dfe L aber diese Hose hab ich eine Nummer gr\u00f6\u00dfer bestellt und das war auch gut so.  Alles passt perfekt.",
                            "publication_date": "2022-12-22 00:00:00 +00:00",
                            "rating": {
                                "rating_type": "Max5",
                                "value": 5,
                                "votes_count": null,
                                "rating_max": 5
                            }
                        },
                        {
                            "type": "amazon_review_item",
                            "rank_group": 5,
                            "rank_absolute": 5,
                            "position": "right",
                            "xpath": "/html[1]/body[1]/div[1]/div[2]/div[1]/div[1]/div[1]/div[1]/div[5]/div[3]/div[1]/div[6]/div[1]/div[1]",
                            "verified": true,
                            "subtitle": "Reviewed in Germany on 12 June 2023",
                            "helpful_votes": null,
                            "images": null,
                            "videos": null,
                            "user_profile": {
                                "name": "Yannusi",
                                "avatar": "https://images-eu.ssl-images-amazon.com/images/S/amazon-avatars-global/598b8bde-defd-4807-b56f-291e3c90c698._CR224,0,576,576_SX48_.jpg",
                                "url": "https://amazon.de/-/en/gp/profile/amzn1.account.AFK6YKLMEKPPAL2R4RBHDOKZPX5A/ref=cm_cr_arp_d_gw_btm?ie=UTF8",
                                "reviews_count": null,
                                "locations": "DE"
                            },
                            "title": "Hatte nach 4 Wochen bereits pilling",
                            "url": "https://amazon.de/-/en/gp/customer-reviews/R17O8V7KDHHVMH/ref=cm_cr_arp_d_rvw_ttl?ie=UTF8&ASIN=B01MZ6YLKL",
                            "review_text": "Eigentlich super Preis/Leistung, leider hatte ich nach vier Wochen bereits pilling an den Oberschenkelbereichen.",
                            "publication_date": "2023-06-12 00:00:00 +00:00",
                            "rating": {
                                "rating_type": "Max5",
                                "value": 2,
                                "votes_count": null,
                                "rating_max": 5
                            }
                        },
                        {
                            "type": "amazon_review_item",
                            "rank_group": 6,
                            "rank_absolute": 6,
                            "position": "right",
                            "xpath": "/html[1]/body[1]/div[1]/div[2]/div[1]/div[1]/div[1]/div[1]/div[5]/div[3]/div[1]/div[7]/div[1]/div[1]",
                            "verified": true,
                            "subtitle": "Reviewed in Germany on 9 March 2023",
                            "helpful_votes": null,
                            "images": null,
                            "videos": null,
                            "user_profile": {
                                "name": "kvn",
                                "avatar": "https://images-eu.ssl-images-amazon.com/images/S/amazon-avatars-global/default._CR0,0,1024,1024_SX48_.png",
                                "url": "https://amazon.de/-/en/gp/profile/amzn1.account.AFMPBLAJVF26SF7WT3T3B2RQQ7DA/ref=cm_cr_arp_d_gw_btm?ie=UTF8",
                                "reviews_count": null,
                                "locations": "DE"
                            },
                            "title": "Perfekt",
                            "url": "https://amazon.de/-/en/gp/customer-reviews/RTH7QL68XLRBL/ref=cm_cr_arp_d_rvw_ttl?ie=UTF8&ASIN=B01MZ6YLKL",
                            "review_text": "Perfekt",
                            "publication_date": "2023-03-09 00:00:00 +00:00",
                            "rating": {
                                "rating_type": "Max5",
                                "value": 5,
                                "votes_count": null,
                                "rating_max": 5
                            }
                        },
                        {
                            "type": "amazon_review_item",
                            "rank_group": 7,
                            "rank_absolute": 7,
                            "position": "right",
                            "xpath": "/html[1]/body[1]/div[1]/div[2]/div[1]/div[1]/div[1]/div[1]/div[5]/div[3]/div[1]/div[8]/div[1]/div[1]",
                            "verified": true,
                            "subtitle": "Reviewed in Germany on 17 July 2022",
                            "helpful_votes": null,
                            "images": null,
                            "videos": null,
                            "user_profile": {
                                "name": "Yasu Saigo",
                                "avatar": "https://images-eu.ssl-images-amazon.com/images/S/amazon-avatars-global/default._CR0,0,1024,1024_SX48_.png",
                                "url": "https://amazon.de/-/en/gp/profile/amzn1.account.AFWTBYBQRB3D6EDP5CG2ANQMD6KQ/ref=cm_cr_arp_d_gw_btm?ie=UTF8",
                                "reviews_count": null,
                                "locations": "DE"
                            },
                            "title": "Just right for hiking",
                            "url": "https://amazon.de/-/en/gp/customer-reviews/R3OWNVMJMRCTJ7/ref=cm_cr_arp_d_rvw_ttl?ie=UTF8&ASIN=B01MZ6YLKL",
                            "review_text": "I wear it on top of hiking socks. The fabric is a bit thinner than I expected, but it fits me tightly.",
                            "publication_date": "2022-07-17 00:00:00 +00:00",
                            "rating": {
                                "rating_type": "Max5",
                                "value": 4,
                                "votes_count": null,
                                "rating_max": 5
                            }
                        },
                        {
                            "type": "amazon_review_item",
                            "rank_group": 8,
                            "rank_absolute": 8,
                            "position": "right",
                            "xpath": "/html[1]/body[1]/div[1]/div[2]/div[1]/div[1]/div[1]/div[1]/div[5]/div[3]/div[1]/div[9]/div[1]/div[1]",
                            "verified": true,
                            "subtitle": "Reviewed in Germany on 15 February 2023",
                            "helpful_votes": null,
                            "images": null,
                            "videos": null,
                            "user_profile": {
                                "name": "Carsten W.",
                                "avatar": "https://images-eu.ssl-images-amazon.com/images/S/amazon-avatars-global/default._CR0,0,1024,1024_SX48_.png",
                                "url": "https://amazon.de/-/en/gp/profile/amzn1.account.AGOTB4HT77R7WXXEAKZLFT2XCDNQ/ref=cm_cr_arp_d_gw_btm?ie=UTF8",
                                "reviews_count": null,
                                "locations": "DE"
                            },
                            "title": "passt gut, angenehm zu tragen",
                            "url": "https://amazon.de/-/en/gp/customer-reviews/R2C2BQRMNM29IR/ref=cm_cr_arp_d_rvw_ttl?ie=UTF8&ASIN=B01MZ6YLKL",
                            "review_text": "Alles okay",
                            "publication_date": "2023-02-15 00:00:00 +00:00",
                            "rating": {
                                "rating_type": "Max5",
                                "value": 5,
                                "votes_count": null,
                                "rating_max": 5
                            }
                        },
                        {
                            "type": "amazon_review_item",
                            "rank_group": 9,
                            "rank_absolute": 9,
                            "position": "right",
                            "xpath": "/html[1]/body[1]/div[1]/div[2]/div[1]/div[1]/div[1]/div[1]/div[5]/div[3]/div[1]/div[10]/div[1]/div[1]",
                            "verified": true,
                            "subtitle": "Reviewed in Germany on 13 January 2023",
                            "helpful_votes": null,
                            "images": null,
                            "videos": null,
                            "user_profile": {
                                "name": "David Neumann",
                                "avatar": "https://images-eu.ssl-images-amazon.com/images/S/amazon-avatars-global/default._CR0,0,1024,1024_SX48_.png",
                                "url": "https://amazon.de/-/en/gp/profile/amzn1.account.AHGB4V2UZBXWBFM6L3BTRAJJTTRQ/ref=cm_cr_arp_d_gw_btm?ie=UTF8",
                                "reviews_count": null,
                                "locations": "DE"
                            },
                            "title": "Klasse Hose",
                            "url": "https://amazon.de/-/en/gp/customer-reviews/R15Z5SH2R2GOHR/ref=cm_cr_arp_d_rvw_ttl?ie=UTF8&ASIN=B01MZ6YLKL",
                            "review_text": "Diese Hose ist super bequem, und das Material ist auch super",
                            "publication_date": "2023-01-13 00:00:00 +00:00",
                            "rating": {
                                "rating_type": "Max5",
                                "value": 5,
                                "votes_count": null,
                                "rating_max": 5
                            }
                        },
                        {
                            "type": "amazon_review_item",
                            "rank_group": 10,
                            "rank_absolute": 10,
                            "position": "right",
                            "xpath": "/html[1]/body[1]/div[1]/div[2]/div[1]/div[1]/div[1]/div[1]/div[5]/div[3]/div[1]/div[11]/div[1]/div[1]",
                            "verified": true,
                            "subtitle": "Reviewed in Germany on 16 December 2022",
                            "helpful_votes": null,
                            "images": null,
                            "videos": null,
                            "user_profile": {
                                "name": "sebastian eder",
                                "avatar": "https://images-eu.ssl-images-amazon.com/images/S/amazon-avatars-global/default._CR0,0,1024,1024_SX48_.png",
                                "url": "https://amazon.de/-/en/gp/profile/amzn1.account.AEJLGHZ6RTSYW6E2TU5BOBZMBRUA/ref=cm_cr_arp_d_gw_btm?ie=UTF8",
                                "reviews_count": null,
                                "locations": "DE"
                            },
                            "title": "Perfekte  3/4  Hose",
                            "url": "https://amazon.de/-/en/gp/customer-reviews/R13F3AJFKBSCG/ref=cm_cr_arp_d_rvw_ttl?ie=UTF8&ASIN=B01MZ6YLKL",
                            "review_text": "3/4 Hose ist sehr gut verarbeitet\nAngenehmer Tragekomfort\nGute Passform",
                            "publication_date": "2022-12-16 00:00:00 +00:00",
                            "rating": {
                                "rating_type": "Max5",
                                "value": 5,
                                "votes_count": null,
                                "rating_max": 5
                            }
                        },
                        {
                            "type": "amazon_review_item",
                            "rank_group": 11,
                            "rank_absolute": 11,
                            "position": "right",
                            "xpath": "/html[1]/body[1]/div[1]/div[2]/div[1]/div[1]/div[1]/div[1]/div[5]/div[3]/div[1]/div[12]/div[1]/div[1]",
                            "verified": true,
                            "subtitle": "Reviewed in Germany on 2 January 2022",
                            "helpful_votes": 2,
                            "images": null,
                            "videos": null,
                            "user_profile": {
                                "name": "SOKI",
                                "avatar": "https://images-eu.ssl-images-amazon.com/images/S/amazon-avatars-global/default._CR0,0,1024,1024_SX48_.png",
                                "url": "https://amazon.de/-/en/gp/profile/amzn1.account.AEYRFE4VSKTK25OCUWKDMELGPXVQ/ref=cm_cr_arp_d_gw_btm?ie=UTF8",
                                "reviews_count": null,
                                "locations": "DE"
                            },
                            "title": "Sitzt, passt und hat keine Luft...",
                            "url": "https://amazon.de/-/en/gp/customer-reviews/RWCGSEOUWZI4R/ref=cm_cr_arp_d_rvw_ttl?ie=UTF8&ASIN=B01MZ6YLKL",
                            "review_text": "Sitzt perfekt. Sehr gute Qualit\u00e4t. Eher f\u00fcr Sport allein. Beim Tragen als Unterw\u00e4sche bei K\u00e4lteeinbr\u00fcchen zwar gut, weil die Hose nicht auftr\u00e4gt und sozusagen gut rutscht. Aber es droht die kalte Wade zwischen Hosenende und Socken. Ausweg: Kniestr\u00fcmpfe. Tr\u00fcbt aber das sportliche Outfit... Oder eben lange Variante.",
                            "publication_date": "2022-01-02 00:00:00 +00:00",
                            "rating": {
                                "rating_type": "Max5",
                                "value": 4,
                                "votes_count": null,
                                "rating_max": 5
                            }
                        },
                        {
                            "type": "amazon_review_item",
                            "rank_group": 12,
                            "rank_absolute": 12,
                            "position": "right",
                            "xpath": "/html[1]/body[1]/div[1]/div[2]/div[1]/div[1]/div[1]/div[1]/div[5]/div[3]/div[1]/div[13]/div[1]/div[1]",
                            "verified": true,
                            "subtitle": "Reviewed in Germany on 23 December 2022",
                            "helpful_votes": null,
                            "images": null,
                            "videos": null,
                            "user_profile": {
                                "name": "Antunes Lu\u00eds",
                                "avatar": "https://images-eu.ssl-images-amazon.com/images/S/amazon-avatars-global/default._CR0,0,1024,1024_SX48_.png",
                                "url": "https://amazon.de/-/en/gp/profile/amzn1.account.AHJMQZWXXJJLPAK4TZY6Z4PL3O7A/ref=cm_cr_arp_d_gw_btm?ie=UTF8",
                                "reviews_count": null,
                                "locations": "DE"
                            },
                            "title": "Comfort",
                            "url": "https://amazon.de/-/en/gp/customer-reviews/R2H4KW7VM6DB1B/ref=cm_cr_arp_d_rvw_ttl?ie=UTF8&ASIN=B01MZ6YLKL",
                            "review_text": "Perfect and very comfortable",
                            "publication_date": "2022-12-23 00:00:00 +00:00",
                            "rating": {
                                "rating_type": "Max5",
                                "value": 5,
                                "votes_count": null,
                                "rating_max": 5
                            }
                        },
                        {
                            "type": "amazon_review_item",
                            "rank_group": 13,
                            "rank_absolute": 13,
                            "position": "right",
                            "xpath": "/html[1]/body[1]/div[1]/div[2]/div[1]/div[1]/div[1]/div[1]/div[5]/div[3]/div[1]/div[14]/div[1]/div[1]",
                            "verified": true,
                            "subtitle": "Reviewed in Germany on 17 April 2022",
                            "helpful_votes": null,
                            "images": null,
                            "videos": null,
                            "user_profile": {
                                "name": "Bialy",
                                "avatar": "https://images-eu.ssl-images-amazon.com/images/S/amazon-avatars-global/default._CR0,0,1024,1024_SX48_.png",
                                "url": "https://amazon.de/-/en/gp/profile/amzn1.account.AGQTVB3VVWQVCCBAAZ2LY5YJ76AQ/ref=cm_cr_arp_d_gw_btm?ie=UTF8",
                                "reviews_count": null,
                                "locations": "DE"
                            },
                            "title": "Dobra rzecz,tylko d\u0142ugo\u015b\u0107 3/4",
                            "url": "https://amazon.de/-/en/gp/customer-reviews/R3A3A01RQAQ6S6/ref=cm_cr_arp_d_rvw_ttl?ie=UTF8&ASIN=B01MZ6YLKL",
                            "review_text": "Ok",
                            "publication_date": "2022-04-17 00:00:00 +00:00",
                            "rating": {
                                "rating_type": "Max5",
                                "value": 4,
                                "votes_count": null,
                                "rating_max": 5
                            }
                        },
                        {
                            "type": "amazon_review_item",
                            "rank_group": 14,
                            "rank_absolute": 14,
                            "position": "right",
                            "xpath": "/html[1]/body[1]/div[1]/div[2]/div[1]/div[1]/div[1]/div[1]/div[5]/div[3]/div[1]/div[15]/div[1]/div[1]",
                            "verified": true,
                            "subtitle": "Reviewed in Germany on 17 January 2022",
                            "helpful_votes": null,
                            "images": null,
                            "videos": null,
                            "user_profile": {
                                "name": "Ossowski, Marion",
                                "avatar": "https://images-eu.ssl-images-amazon.com/images/S/amazon-avatars-global/default._CR0,0,1024,1024_SX48_.png",
                                "url": "https://amazon.de/-/en/gp/profile/amzn1.account.AGAFVEHZZL7ZIMTPLQ6P6YVZ6PNA/ref=cm_cr_arp_d_gw_btm?ie=UTF8",
                                "reviews_count": null,
                                "locations": "DE"
                            },
                            "title": "Praktisch gut!",
                            "url": "https://amazon.de/-/en/gp/customer-reviews/R19SNJEOOQ3TV/ref=cm_cr_arp_d_rvw_ttl?ie=UTF8&ASIN=B01MZ6YLKL",
                            "review_text": "Als Fitnesstrainer und Kampfsportler kann ich nicht genug W\u00e4sche dieser Art gebrauchen.",
                            "publication_date": "2022-01-17 00:00:00 +00:00",
                            "rating": {
                                "rating_type": "Max5",
                                "value": 4,
                                "votes_count": null,
                                "rating_max": 5
                            }
                        },
                        {
                            "type": "amazon_review_item",
                            "rank_group": 15,
                            "rank_absolute": 15,
                            "position": "right",
                            "xpath": "/html[1]/body[1]/div[1]/div[2]/div[1]/div[1]/div[1]/div[1]/div[5]/div[3]/div[1]/div[16]/div[1]/div[1]",
                            "verified": true,
                            "subtitle": "Reviewed in Germany on 9 January 2022",
                            "helpful_votes": null,
                            "images": null,
                            "videos": null,
                            "user_profile": {
                                "name": "Gordon Mackinnon",
                                "avatar": "https://images-eu.ssl-images-amazon.com/images/S/amazon-avatars-global/default._CR0,0,1024,1024_SX48_.png",
                                "url": "https://amazon.de/-/en/gp/profile/amzn1.account.AE7HNGWHO5URNAXGQQ5NWJOZ2QIQ/ref=cm_cr_arp_d_gw_btm?ie=UTF8",
                                "reviews_count": null,
                                "locations": "DE"
                            },
                            "title": "Good product",
                            "url": "https://amazon.de/-/en/gp/customer-reviews/R14ZGWJZB49AFD/ref=cm_cr_arp_d_rvw_ttl?ie=UTF8&ASIN=B01MZ6YLKL",
                            "review_text": "Bought for my son who is a basketball player and in a growth period. He is happy with them and can feel the difference. Ordered . Arrived earlier than expected, even over Christmas period. Really good service from the seller \u2026",
                            "publication_date": "2022-01-09 00:00:00 +00:00",
                            "rating": {
                                "rating_type": "Max5",
                                "value": 5,
                                "votes_count": null,
                                "rating_max": 5
                            }
                        },
                        {
                            "type": "amazon_review_item",
                            "rank_group": 16,
                            "rank_absolute": 16,
                            "position": "right",
                            "xpath": "/html[1]/body[1]/div[1]/div[2]/div[1]/div[1]/div[1]/div[1]/div[5]/div[3]/div[1]/div[17]/div[1]/div[1]",
                            "verified": true,
                            "subtitle": "Reviewed in Germany on 22 April 2022",
                            "helpful_votes": 5,
                            "images": [
                                {
                                    "type": "images_element",
                                    "alt": "Customer image",
                                    "url": null,
                                    "image_url": "https://m.media-amazon.com/images/I/81shSOzEKEL._SY88.jpg"
                                }
                            ],
                            "videos": null,
                            "user_profile": {
                                "name": "Chewbacca",
                                "avatar": "https://images-eu.ssl-images-amazon.com/images/S/amazon-avatars-global/default._CR0,0,1024,1024_SX48_.png",
                                "url": "https://amazon.de/-/en/gp/profile/amzn1.account.AHSAXP6GKP5WMLHKJITSXXQR6QWA/ref=cm_cr_arp_d_gw_btm?ie=UTF8",
                                "reviews_count": null,
                                "locations": "DE"
                            },
                            "title": "Great but white was a bad idea",
                            "url": "https://amazon.de/-/en/gp/customer-reviews/RBHUG72PLGRGP/ref=cm_cr_arp_d_rvw_ttl?ie=UTF8&ASIN=B01MZ6YLKL",
                            "review_text": "Posting this because it\u2019s pretty funny, but if you don\u2019t shave your legs get them in another color: your leg hair will stick through the fabric and you\u2019ll look ridiculous like me. Lmao \ud83d\ude02\ud83d\ude02\ud83d\ude02\nFit great and black ones are 5star",
                            "publication_date": "2022-04-22 00:00:00 +00:00",
                            "rating": {
                                "rating_type": "Max5",
                                "value": 3,
                                "votes_count": null,
                                "rating_max": 5
                            }
                        },
                        {
                            "type": "amazon_review_item",
                            "rank_group": 17,
                            "rank_absolute": 17,
                            "position": "right",
                            "xpath": "/html[1]/body[1]/div[1]/div[2]/div[1]/div[1]/div[1]/div[1]/div[5]/div[3]/div[1]/div[18]/div[1]/div[1]",
                            "verified": true,
                            "subtitle": "Reviewed in Germany on 16 March 2022",
                            "helpful_votes": null,
                            "images": null,
                            "videos": null,
                            "user_profile": {
                                "name": "Amazon Kunde",
                                "avatar": "https://images-eu.ssl-images-amazon.com/images/S/amazon-avatars-global/default._CR0,0,1024,1024_SX48_.png",
                                "url": "https://amazon.de/-/en/gp/profile/amzn1.account.AEVMKG7QFLXDWQHJC33LCCLLHZBA/ref=cm_cr_arp_d_gw_btm?ie=UTF8",
                                "reviews_count": null,
                                "locations": "DE"
                            },
                            "title": "Gute Sportleggings",
                            "url": "https://amazon.de/-/en/gp/customer-reviews/R1ZW7NA93ONUO3/ref=cm_cr_arp_d_rvw_ttl?ie=UTF8&ASIN=B01MZ6YLKL",
                            "review_text": "Ich nutze die Hose in erste Linie zum joggen bei kalten Wetter. Daf\u00fcr ist die Hose super und mir gef\u00e4llt insbesondere die 3/4 L\u00e4nge",
                            "publication_date": "2022-03-16 00:00:00 +00:00",
                            "rating": {
                                "rating_type": "Max5",
                                "value": 5,
                                "votes_count": null,
                                "rating_max": 5
                            }
                        },
                        {
                            "type": "amazon_review_item",
                            "rank_group": 18,
                            "rank_absolute": 18,
                            "position": "right",
                            "xpath": "/html[1]/body[1]/div[1]/div[2]/div[1]/div[1]/div[1]/div[1]/div[5]/div[3]/div[1]/div[19]/div[1]/div[1]",
                            "verified": true,
                            "subtitle": "Reviewed in Germany on 2 June 2021",
                            "helpful_votes": null,
                            "images": null,
                            "videos": null,
                            "user_profile": {
                                "name": "Amazon Kunde",
                                "avatar": "https://images-eu.ssl-images-amazon.com/images/S/amazon-avatars-global/default._CR0,0,1024,1024_SX48_.png",
                                "url": "https://amazon.de/-/en/gp/profile/amzn1.account.AGDMOOII2Q3HAL2KXJFBG4WH53QA/ref=cm_cr_arp_d_gw_btm?ie=UTF8",
                                "reviews_count": null,
                                "locations": "DE"
                            },
                            "title": "Super Qualit\u00e4t",
                            "url": "https://amazon.de/-/en/gp/customer-reviews/R2AYGW82PQB3MF/ref=cm_cr_arp_d_rvw_ttl?ie=UTF8&ASIN=B01MZ6YLKL",
                            "review_text": "Stoff ist sehr angenehm zu tragen und nutzt sich auch bei \u00f6fteren Radtouren am Ges\u00e4\u00df nicht ab.\nDas neue Design ist top",
                            "publication_date": "2021-06-02 00:00:00 +00:00",
                            "rating": {
                                "rating_type": "Max5",
                                "value": 5,
                                "votes_count": null,
                                "rating_max": 5
                            }
                        },
                        {
                            "type": "amazon_review_item",
                            "rank_group": 19,
                            "rank_absolute": 19,
                            "position": "right",
                            "xpath": "/html[1]/body[1]/div[1]/div[2]/div[1]/div[1]/div[1]/div[1]/div[5]/div[3]/div[1]/div[20]/div[1]/div[1]",
                            "verified": true,
                            "subtitle": "Reviewed in Germany on 21 November 2021",
                            "helpful_votes": null,
                            "images": null,
                            "videos": null,
                            "user_profile": {
                                "name": "Sandro P.",
                                "avatar": "https://images-eu.ssl-images-amazon.com/images/S/amazon-avatars-global/default._CR0,0,1024,1024_SX48_.png",
                                "url": "https://amazon.de/-/en/gp/profile/amzn1.account.AETAMLRH5DZBFIBTQGOGEH3QKEVA/ref=cm_cr_arp_d_gw_btm?ie=UTF8",
                                "reviews_count": null,
                                "locations": "DE"
                            },
                            "title": "Einfach UA Qualit\u00e4t",
                            "url": "https://amazon.de/-/en/gp/customer-reviews/R3SQ1UYMRQZGH8/ref=cm_cr_arp_d_rvw_ttl?ie=UTF8&ASIN=B01MZ6YLKL",
                            "review_text": "Passt wie eine zweite Haut, genauso wie sie soll",
                            "publication_date": "2021-11-21 00:00:00 +00:00",
                            "rating": {
                                "rating_type": "Max5",
                                "value": 5,
                                "votes_count": null,
                                "rating_max": 5
                            }
                        },
                        {
                            "type": "amazon_review_item",
                            "rank_group": 20,
                            "rank_absolute": 20,
                            "position": "right",
                            "xpath": "/html[1]/body[1]/div[1]/div[2]/div[1]/div[1]/div[1]/div[1]/div[5]/div[3]/div[1]/div[21]/div[1]/div[1]",
                            "verified": true,
                            "subtitle": "Reviewed in Germany on 28 August 2022",
                            "helpful_votes": null,
                            "images": null,
                            "videos": null,
                            "user_profile": {
                                "name": "Th",
                                "avatar": "https://images-eu.ssl-images-amazon.com/images/S/amazon-avatars-global/default._CR0,0,1024,1024_SX48_.png",
                                "url": "https://amazon.de/-/en/gp/profile/amzn1.account.AHCZELGO6UAFIVGEHDNZ6ENJZJ6Q/ref=cm_cr_arp_d_gw_btm?ie=UTF8",
                                "reviews_count": null,
                                "locations": "DE"
                            },
                            "title": "Qualit\u00e4t deutlich unter Wert und Ruf",
                            "url": "https://amazon.de/-/en/gp/customer-reviews/R1Q1D7PXHMEL98/ref=cm_cr_arp_d_rvw_ttl?ie=UTF8&ASIN=B01MZ6YLKL",
                            "review_text": "Der letzte Mist. Drei mal zum Joggen angehabt und schon sind die N\u00e4hte aufgerissen. Im Vergleich das vergleichsweise Produkt von decatlon, das im Wechsel getragen wird, ist noch top in Ordnung und kostet deutlich weniger. Entweder ist das eine F\u00e4lschung oder einfach nur mist von vorne nach hinten. Wer sich vom Namen \u00fcberzeugen lassen m\u00f6chte kann auch Aldi doppel kekse zu Prinzenrolle Preis kaufen.",
                            "publication_date": "2022-08-28 00:00:00 +00:00",
                            "rating": {
                                "rating_type": "Max5",
                                "value": 1,
                                "votes_count": null,
                                "rating_max": 5
                            }
                        }
                    ]
                }
            ]
        }
    ]
}