{
    "version": "0.1.20230825",
    "status_code": 20000,
    "status_message": "Ok.",
    "time": "0.0737 sec.",
    "cost": 0,
    "tasks_count": 1,
    "tasks_error": 0,
    "tasks": [
        {
            "id": "10010508-6753-0193-0000-69a3e7f54527",
            "status_code": 20000,
            "status_message": "Ok.",
            "time": "0.0515 sec.",
            "cost": 0,
            "result_count": 2,
            "path": [
                "v3",
                "merchant",
                "amazon",
                "asin",
                "tasks_ready"
            ],
            "data": {
                "se_type": "shopping",
                "api": "merchant",
                "function": "asin",
                "se": "amazon"
            },
            "result": [
                {
                    "id": "10010418-6753-0192-0000-e6505ecd62af",
                    "se": "amazon",
                    "se_type": "shopping",
                    "date_posted": "2023-10-01 01:18:54 +00:00",
                    "tag": "",
                    "endpoint_advanced": "/v3/merchant/amazon/asin/task_get/advanced/10010418-6753-0192-0000-e6505ecd62af",
                    "endpoint_html": "/v3/merchant/amazon/asin/task_get/html/10010418-6753-0192-0000-e6505ecd62af"
                },
                {
                    "id": "10010507-6753-0192-0000-d8b3f9b9602b",
                    "se": "amazon",
                    "se_type": "shopping",
                    "date_posted": "2023-10-01 02:07:05 +00:00",
                    "tag": "",
                    "endpoint_advanced": "/v3/merchant/amazon/asin/task_get/advanced/10010507-6753-0192-0000-d8b3f9b9602b",
                    "endpoint_html": "/v3/merchant/amazon/asin/task_get/html/10010507-6753-0192-0000-d8b3f9b9602b"
                }
            ]
        }
    ]
}