{
    "version": "0.1.20230825",
    "status_code": 20000,
    "status_message": "Ok.",
    "time": "0.1378 sec.",
    "cost": 0,
    "tasks_count": 1,
    "tasks_error": 0,
    "tasks": [
        {
            "id": "10010521-6753-0414-0000-d6979aee45c5",
            "status_code": 20000,
            "status_message": "Ok.",
            "time": "0.0822 sec.",
            "cost": 0,
            "result_count": 1,
            "path": [
                "v3",
                "merchant",
                "amazon",
                "reviews",
                "tasks_ready"
            ],
            "data": {
                "se_type": "reviews",
                "api": "merchant",
                "function": "reviews",
                "se": "amazon"
            },
            "result": [
                {
                    "id": "09302351-6753-0415-0000-3a2e0c225dc0",
                    "se": "amazon",
                    "se_type": "reviews",
                    "date_posted": "2023-09-30 20:51:30 +00:00",
                    "tag": "",
                    "endpoint_advanced": "/v3/merchant/amazon/reviews/task_get/advanced/09302351-6753-0415-0000-3a2e0c225dc0",
                    "endpoint_html": "/v3/merchant/amazon/reviews/task_get/html/09302351-6753-0415-0000-3a2e0c225dc0"
                }
            ]
        }
    ]
}