{
    "version": "0.1.20230825",
    "status_code": 20000,
    "status_message": "Ok.",
    "time": "0.0742 sec.",
    "cost": 0,
    "tasks_count": 1,
    "tasks_error": 0,
    "tasks": [
        {
            "id": "09302326-6753-0414-0000-dfa2ea29bcb6",
            "status_code": 20000,
            "status_message": "Ok.",
            "time": "0.0529 sec.",
            "cost": 0,
            "result_count": 0,
            "path": [
                "v3",
                "merchant",
                "amazon",
                "reviews",
                "tasks_ready"
            ],
            "data": {
                "se_type": "reviews",
                "api": "merchant",
                "function": "reviews",
                "se": "amazon"
            },
            "result": null
        }
    ]
}