{
    "version": "0.1.20230825",
    "status_code": 20000,
    "status_message": "Ok.",
    "time": "0.1374 sec.",
    "cost": 0,
    "tasks_count": 1,
    "tasks_error": 0,
    "tasks": [
        {
            "id": "10010419-6753-0193-0000-fbc6869a39ad",
            "status_code": 20000,
            "status_message": "Ok.",
            "time": "0.0755 sec.",
            "cost": 0,
            "result_count": 0,
            "path": [
                "v3",
                "merchant",
                "amazon",
                "asin",
                "tasks_ready"
            ],
            "data": {
                "se_type": "shopping",
                "api": "merchant",
                "function": "asin",
                "se": "amazon"
            },
            "result": null
        }
    ]
}