{
    "version": "0.1.20230825",
    "status_code": 20000,
    "status_message": "Ok.",
    "time": "1.1509 sec.",
    "cost": 0,
    "tasks_count": 1,
    "tasks_error": 0,
    "tasks": [
        {
            "id": "10010537-6753-0414-0000-4174ae25926c",
            "status_code": 20000,
            "status_message": "Ok.",
            "time": "0.0560 sec.",
            "cost": 0,
            "result_count": 2,
            "path": [
                "v3",
                "merchant",
                "amazon",
                "reviews",
                "tasks_ready"
            ],
            "data": {
                "se_type": "reviews",
                "api": "merchant",
                "function": "reviews",
                "se": "amazon"
            },
            "result": [
                {
                    "id": "09302351-6753-0415-0000-3a2e0c225dc0",
                    "se": "amazon",
                    "se_type": "reviews",
                    "date_posted": "2023-09-30 20:51:30 +00:00",
                    "tag": "",
                    "endpoint_advanced": "/v3/merchant/amazon/reviews/task_get/advanced/09302351-6753-0415-0000-3a2e0c225dc0",
                    "endpoint_html": "/v3/merchant/amazon/reviews/task_get/html/09302351-6753-0415-0000-3a2e0c225dc0"
                },
                {
                    "id": "10010536-6753-0415-0000-355a16079745",
                    "se": "amazon",
                    "se_type": "reviews",
                    "date_posted": "2023-10-01 02:36:00 +00:00",
                    "tag": "",
                    "endpoint_advanced": "/v3/merchant/amazon/reviews/task_get/advanced/10010536-6753-0415-0000-355a16079745",
                    "endpoint_html": "/v3/merchant/amazon/reviews/task_get/html/10010536-6753-0415-0000-355a16079745"
                }
            ]
        }
    ]
}