{
    "version": "0.1.20230825",
    "status_code": 20000,
    "status_message": "Ok.",
    "time": "0.1529 sec.",
    "cost": 0,
    "tasks_count": 1,
    "tasks_error": 0,
    "tasks": [
        {
            "id": "09302320-6753-0210-0000-97e8ba5cdec6",
            "status_code": 20000,
            "status_message": "Ok.",
            "time": "0.0929 sec.",
            "cost": 0,
            "result_count": 2,
            "path": [
                "v3",
                "merchant",
                "amazon",
                "products",
                "tasks_ready"
            ],
            "data": {
                "se_type": "organic",
                "se": "amazon",
                "api": "merchant",
                "function": "products"
            },
            "result": [
                {
                    "id": "09302312-6753-0209-0000-130b16ec3ec1",
                    "se": "amazon",
                    "se_type": "organic",
                    "date_posted": "2023-09-30 20:12:23 +00:00",
                    "tag": "",
                    "endpoint_advanced": "/v3/merchant/amazon/products/task_get/advanced/09302312-6753-0209-0000-130b16ec3ec1",
                    "endpoint_html": "/v3/merchant/amazon/products/task_get/html/09302312-6753-0209-0000-130b16ec3ec1"
                },
                {
                    "id": "09302319-6753-0209-0000-87a946c09593",
                    "se": "amazon",
                    "se_type": "organic",
                    "date_posted": "2023-09-30 20:19:29 +00:00",
                    "tag": "",
                    "endpoint_advanced": "/v3/merchant/amazon/products/task_get/advanced/09302319-6753-0209-0000-87a946c09593",
                    "endpoint_html": "/v3/merchant/amazon/products/task_get/html/09302319-6753-0209-0000-87a946c09593"
                }
            ]
        }
    ]
}